<?xml version="1.0" encoding="UTF-8"?>
<project-private xmlns="http://www.netbeans.org/ns/project-private/1">
    <editor-bookmarks xmlns="http://www.netbeans.org/ns/editor-bookmarks/2" lastBookmarkId="0"/>
    <open-files xmlns="http://www.netbeans.org/ns/projectui-open-files/2">
        <group>
            <file>file:/C:/Users/Rodrigo/Downloads/Projeto_Final_Grupo_4.X/ledMatrix.c</file>
            <file>file:/C:/Users/Rodrigo/Downloads/Projeto_Final_Grupo_4.X/main.c</file>
            <file>file:/C:/Program%20Files/Microchip/xc8/v2.40/pic/sources/c99/common/sprcdiv.c</file>
            <file>file:/C:/Users/Rodrigo/Downloads/Projeto_Final_Grupo_4.X/mcc_generated_files/interrupt_manager.c</file>
            <file>file:/C:/Users/Rodrigo/Downloads/Projeto_Final_Grupo_4.X/mcc_generated_files/eusart.c</file>
        </group>
    </open-files>
</project-private>
